id,image,caption,question,expected_answer,model_output,model_name,run_timestamp,cider,clip_score,semantic_similarity,composite_score
kitten_in_a_box.jpg,https://huggingface.co/datasets/rybalena/aiqa_images/resolve/main/captioning/kitten_in_a_box.jpg,"A small white kitten with bright eyes is sitting inside an open cardboard box, looking up curiously. The dark carpeted floor around the box contrasts with the kitten’s clean, light fur, making it the center of attention.",,,"[ERROR] OpenAI API error: Error code: 401 - {'error': {'message': 'Incorrect API key provided: your_key. You can find your API key at https://platform.openai.com/account/api-keys.', 'type': 'invalid_request_error', 'param': None, 'code': 'invalid_api_key'}}",gpt-4o,2025-08-27T03:08:18-07:00,0.15,0.5833,0.5143,0.4405
man_with_laptop.jpg,https://huggingface.co/datasets/rybalena/aiqa_images/resolve/main/captioning/man_with_laptop.jpg,"A man wearing a loose red t-shirt is sitting indoors with a laptop on his lap, seen through a reflective glass window with tall city buildings in the background. His focused expression suggests he is working or browsing intently.",,,"[ERROR] OpenAI API error: Error code: 401 - {'error': {'message': 'Incorrect API key provided: your_key. You can find your API key at https://platform.openai.com/account/api-keys.', 'type': 'invalid_request_error', 'param': None, 'code': 'invalid_api_key'}}",gpt-4o,2025-08-27T03:08:18-07:00,0.15,0.5958,0.4998,0.4364
meme.jpg,https://huggingface.co/datasets/rybalena/aiqa_images/resolve/main/captioning/meme.jpg,"A meme featuring the character Fry from Futurama shows him squinting suspiciously, with the caption: “Not sure if I am a photographer or just a guy with a camera.” The joke humorously highlights the difference between owning a camera and having real photography skills.",,,"[ERROR] OpenAI API error: Error code: 401 - {'error': {'message': 'Incorrect API key provided: your_key. You can find your API key at https://platform.openai.com/account/api-keys.', 'type': 'invalid_request_error', 'param': None, 'code': 'invalid_api_key'}}",gpt-4o,2025-08-27T03:08:18-07:00,0.15,0.5591,0.5348,0.4447
mirror_selfie.jpg,https://huggingface.co/datasets/rybalena/aiqa_images/resolve/main/captioning/mirror_selfie.jpg,"A black-and-white photo shows a person taking a mirror selfie with a camera, sitting casually with one leg crossed. Their face is partly obscured by the camera, while messy hair and ripped jeans add a relaxed, artistic feel.",,,"[ERROR] OpenAI API error: Error code: 401 - {'error': {'message': 'Incorrect API key provided: your_key. You can find your API key at https://platform.openai.com/account/api-keys.', 'type': 'invalid_request_error', 'param': None, 'code': 'invalid_api_key'}}",gpt-4o,2025-08-27T03:08:18-07:00,0.15,0.578,0.5124,0.4382
mountains_and_lake.jpg,https://huggingface.co/datasets/rybalena/aiqa_images/resolve/main/captioning/mountains_and_lake.jpg," A mountain covered with patches of forest rises above a calm lake, with the peak lit by soft evening sunlight. The reflection of the slopes stretches across the rippling water.",,,"[ERROR] OpenAI API error: Error code: 401 - {'error': {'message': 'Incorrect API key provided: your_key. You can find your API key at https://platform.openai.com/account/api-keys.', 'type': 'invalid_request_error', 'param': None, 'code': 'invalid_api_key'}}",gpt-4o,2025-08-27T03:08:18-07:00,0.15,0.5698,0.4918,0.4258
painting_in_museum.jpg,https://huggingface.co/datasets/rybalena/aiqa_images/resolve/main/captioning/painting_in_museum.jpg,"The famous painting Mona Lisa is displayed behind protective glass in a museum, with visitors capturing it on their phones from a distance. Its small size contrasts with the large display wall around it.",,,"[ERROR] OpenAI API error: Error code: 401 - {'error': {'message': 'Incorrect API key provided: your_key. You can find your API key at https://platform.openai.com/account/api-keys.', 'type': 'invalid_request_error', 'param': None, 'code': 'invalid_api_key'}}",gpt-4o,2025-08-27T03:08:18-07:00,0.15,0.574,0.4736,0.4178
reflection_in_water.jpg,https://huggingface.co/datasets/rybalena/aiqa_images/resolve/main/captioning/reflection_in_water.jpg,"A cluster of tall pine trees is reflected in the still water of a lake, as golden sunlight filters through the morning mist. The warm light creates a serene and dreamy atmosphere.",,,"[ERROR] OpenAI API error: Error code: 401 - {'error': {'message': 'Incorrect API key provided: your_key. You can find your API key at https://platform.openai.com/account/api-keys.', 'type': 'invalid_request_error', 'param': None, 'code': 'invalid_api_key'}}",gpt-4o,2025-08-27T03:08:18-07:00,0.15,0.5819,0.508,0.437
street_at_night.jpg,https://huggingface.co/datasets/rybalena/aiqa_images/resolve/main/captioning/street_at_night.jpg,"A dimly lit street at night is illuminated by street lamps and car headlights, with vehicles parked on both sides and power lines crisscrossing above. The bright glow of a car approaching adds contrast to the dark alley.",,,"[ERROR] OpenAI API error: Error code: 401 - {'error': {'message': 'Incorrect API key provided: your_key. You can find your API key at https://platform.openai.com/account/api-keys.', 'type': 'invalid_request_error', 'param': None, 'code': 'invalid_api_key'}}",gpt-4o,2025-08-27T03:08:18-07:00,0.2583,0.5847,0.5214,0.4714
woman_on_bicycle.jpg,https://huggingface.co/datasets/rybalena/aiqa_images/resolve/main/captioning/woman_on_bicycle.jpg,"A woman wearing a green polka-dot jumpsuit, white sneakers, and a helmet is riding a bicycle with a wicker basket on the front along a city street. A white van and storefronts can be seen in the background.",,,"[ERROR] OpenAI API error: Error code: 401 - {'error': {'message': 'Incorrect API key provided: your_key. You can find your API key at https://platform.openai.com/account/api-keys.', 'type': 'invalid_request_error', 'param': None, 'code': 'invalid_api_key'}}",gpt-4o,2025-08-27T03:08:18-07:00,0.2523,0.5469,0.5352,0.4674
